,stock_name,stock_code
0,7-ELEVEN MALAYSIA HOLDINGS BERHAD,5250.KL
1,ABF MALAYSIA BOND INDEX FUND,0800EA.KL
2,ABLE GLOBAL BERHAD,7167.KL
3,ABLEGROUP BERHAD,7086.KL
4,ABM FUJIYA BERHAD,5198.KL
5,ACE INNOVATE ASIA BERHAD,03028.KL
6,ACME HOLDINGS BERHAD,7131.KL
7,ACO GROUP BERHAD,0218.KL
8,ADVANCE INFORMATION MARKETING BERHAD,0122.KL
9,ADVANCE SYNERGY BERHAD,1481.KL
10,ADVANCECON HOLDINGS BERHAD,5281.KL
11,ADVANCED PACKAGING TECHNOLOGY (M) BHD,9148.KL
12,ADVENTA BERHAD,7191.KL
13,AE MULTI HOLDINGS BERHAD,7146.KL
14,AEMULUS HOLDINGS BERHAD,0181.KL
15,AEON CO. (M) BHD,6599.KL
16,AEON CREDIT SERVICE (M) BERHAD,5139.KL
17,AFFIN BANK BERHAD,5185.KL
18,AGESON BERHAD,7145.KL
19,AHB HOLDINGS BERHAD,7315.KL
20,AHMAD ZAKI RESOURCES BERHAD,7078.KL
21,AIMFLEX BERHAD,0209.KL
22,AIRASIA X BERHAD,5238.KL
23,AJINOMOTO (MALAYSIA) BERHAD,2658.KL
24,AJIYA BERHAD,7609.KL
25,AL-`AQAR HEALTHCARE REIT,5116.KL
26,ALAM MARITIM RESOURCES BERHAD,5115.KL
27,ALCOM GROUP BERHAD,2674.KL
28,ALDRICH RESOURCES BERHAD,0079.KL
29,ALLIANCE BANK MALAYSIA BERHAD,2488.KL
30,ALLIANZ MALAYSIA BERHAD,1163.KL
31,ALPHA OCEAN RESOURCES BERHAD,03051.KL
32,AL-SALAM REAL ESTATE INVESTMENT TRUST,5269.KL
33,AMANAHRAYA REAL ESTATE INVESTMENT TRUST,5127.KL
34,AME ELITE CONSORTIUM BERHAD,5293.KL
35,AMFIRST REAL ESTATE INVESTMENT TRUST,5120.KL
36,AMLEX HOLDINGS BERHAD,03011.KL
37,AMMB HOLDINGS BERHAD,1015.KL
38,AMTEL HOLDINGS BERHAD,7031.KL
39,AMWAY (MALAYSIA) HOLDINGS BERHAD,6351.KL
40,ANALABS RESOURCES BERHAD,7083.KL
41,ANCOM LOGISTICS BERHAD,0048.KL
42,ANCOM NYLEX BERHAD,4758.KL
43,ANEKA JARINGAN HOLDINGS BERHAD,0226.KL
44,ANN JOO RESOURCES BERHAD,6556.KL
45,ANNUM BERHAD,5082.KL
46,ANZO HOLDINGS BERHAD,9342.KL
47,APB RESOURCES BERHAD,5568.KL
48,APEX EQUITY HOLDINGS BERHAD,5088.KL
49,APEX HEALTHCARE BERHAD,7090.KL
50,APM AUTOMOTIVE HOLDINGS BERHAD,5015.KL
51,APOLLO FOOD HOLDINGS BERHAD,6432.KL
52,APPASIA BERHAD,0119.KL
53,A-RANK BERHAD,7214.KL
54,ARB BERHAD,7181.KL
55,ARK RESOURCES HOLDINGS BERHAD,7007.KL
56,ARTRONIQ BERHAD,0038.KL
57,ASDION BERHAD,0068.KL
58,ASIA BRANDS BERHAD,7722.KL
59,ASIA FILE CORPORATION BHD,7129.KL
60,ASIA MEDIA GROUP BERHAD,0159.KL
61,ASIA POLY HOLDINGS BERHAD,0105.KL
62,ASIAN PAC HOLDINGS BERHAD,4057.KL
63,ASTINO BERHAD,7162.KL
64,ASTRAL ASIA BERHAD,7054.KL
65,ASTRAMINA GROUP BERHAD,03032.KL
66,ASTRO MALAYSIA HOLDINGS BERHAD,6399.KL
67,AT SYSTEMATIZATION BERHAD,0072.KL
68,ATA IMS BERHAD,8176.KL
69,ATLAN HOLDINGS BHD,7048.KL
70,ATRIUM REAL ESTATE INVESTMENT TRUST,5130.KL
71,ATTA GLOBAL GROUP BERHAD,7099.KL
72,AURELIUS TECHNOLOGIES BERHAD,5302.KL
73,AURORA ITALIA INTERNATIONAL BERHAD,03037.KL
74,AVILLION BERHAD,8885.KL
75,AWANBIRU TECHNOLOGY BERHAD,5204.KL
76,AWC BERHAD,7579.KL
77,AXIATA GROUP BERHAD,6888.KL
78,AXIS REAL ESTATE INVESTMENT TRUST,5106.KL
79,AXTERIA GROUP BERHAD,7120.KL
80,AYER HOLDINGS BERHAD,2305.KL
81,AYS VENTURES BERHAD,5021.KL
82,B.I.G. INDUSTRIES BERHAD,7005.KL
83,BABA ECO GROUP BERHAD,03012.KL
84,BAHVEST RESOURCES BERHAD,0098.KL
85,BANK ISLAM MALAYSIA BERHAD,5258.KL
86,BARAKAH OFFSHORE PETROLEUM BERHAD,7251.KL
87,BATU KAWAN BERHAD,1899.KL
88,BCB BERHAD,6602.KL
89,BCM ALLIANCE BERHAD,0187.KL
90,BENALEC HOLDINGS BERHAD,5190.KL
91,BERJAYA ASSETS BERHAD,3239.KL
92,BERJAYA CORPORATION BERHAD,3395.KL
93,BERJAYA FOOD BERHAD,5196.KL
94,BERJAYA LAND BERHAD,4219.KL
95,BERMAZ AUTO BERHAD,5248.KL
96,BERTAM ALLIANCE BERHAD,9814.KL
97,BESHOM HOLDINGS BERHAD,7668.KL
98,BINA DARULAMAN BERHAD,6173.KL
99,BINA PURI HOLDINGS BHD,5932.KL
100,BINASAT COMMUNICATIONS BERHAD,0195.KL
101,BINTAI KINDEN CORPORATION BERHAD,6998.KL
102,BINTULU PORT HOLDINGS BERHAD,5032.KL
103,BIOALPHA HOLDINGS BERHAD,0179.KL
104,BLD PLANTATION BHD.,5069.KL
105,BOILERMECH HOLDINGS BERHAD,0168.KL
106,BONIA CORPORATION BERHAD,9288.KL
107,BORNEO OIL BERHAD,7036.KL
108,BOUSTEAD HEAVY INDUSTRIES CORPORATION BHD,8133.KL
109,BOUSTEAD HOLDINGS BERHAD,2771.KL
110,BOUSTEAD PLANTATIONS BERHAD,5254.KL
111,BOX-PAK (MALAYSIA) BERHAD,6297.KL
112,BP PLASTICS HOLDING BHD,5100.KL
113,BRIGHT PACKAGING INDUSTRY BERHAD,9938.KL
114,BRITE-TECH BERHAD,0011.KL
115,BRITISH AMERICAN TOBACCO (MALAYSIA) BERHAD,4162.KL
116,BSL CORPORATION BERHAD,7221.KL
117,BTM RESOURCES BERHAD,7188.KL
118,BUMI ARMADA BERHAD,5210.KL
119,BURSA MALAYSIA BERHAD,1818.KL
120,BV LAND HOLDINGS BERHAD,03042.KL
121,C.I. HOLDINGS BERHAD,2828.KL
122,CAB CAKARAN CORPORATION BERHAD,7174.KL
123,CABNET HOLDINGS BERHAD,0191.KL
124,CAELY HOLDINGS BHD,7154.KL
125,CAHYA MATA SARAWAK BERHAD,2852.KL
126,CAM RESOURCES BERHAD,7128.KL
127,CAN-ONE BERHAD,5105.KL
128,CAPITAL A BERHAD,5099.KL
129,CAPITALAND MALAYSIA TRUST,5180.KL
130,CAREPLUS GROUP BERHAD,0163.KL
131,CARIMIN PETROLEUM BERHAD,5257.KL
132,CARLSBERG BREWERY MALAYSIA BERHAD,2836.KL
133,CARZO HOLDINGS BERHAD,03048.KL
134,CATCHA DIGITAL BERHAD,0173.KL
135,CB INDUSTRIAL PRODUCT HOLDING BERHAD,7076.KL
136,CCK CONSOLIDATED HOLDINGS BERHAD,7035.KL
137,CE TECHNOLOGY BERHAD,03024.KL
138,CEKD BERHAD,0238.KL
139,CENGILD MEDICAL BERHAD,0243.KL
140,CENSOF HOLDINGS BERHAD,5195.KL
141,CENTRAL GLOBAL BERHAD,8052.KL
142,CEPATWAWASAN GROUP BERHAD,8982.KL
143,CHEETAH HOLDINGS BERHAD,7209.KL
144,CHIN HIN GROUP BERHAD,5273.KL
145,CHIN HIN GROUP PROPERTY BERHAD,7187.KL
146,CHIN TECK PLANTATIONS BERHAD,1929.KL
147,CHIN WELL HOLDINGS BERHAD,5007.KL
148,CHINA AUTOMOBILE PARTS HOLDINGS LIMITED,5229.KL
149,CHINA OUHUA WINERY HOLDINGS LIMITED,5188.KL
150,CHOO BEE METAL INDUSTRIES BHD,5797.KL
151,CHUAN HUAT RESOURCES BHD,7016.KL
152,CIMB GROUP HOLDINGS BERHAD,1023.KL
153,CITAGLOBAL BERHAD,7245.KL
154,CITRA NUSA HOLDINGS BERHAD,5104.KL
155,CJ CENTURY LOGISTICS HOLDINGS BERHAD,7117.KL
156,CLASSIC SCENIC BERHAD,7202.KL
157,CLOUDARON GROUP BERHAD,03001.KL
158,CME GROUP BERHAD,7018.KL
159,CN ASIA CORPORATION BHD,7986.KL
160,CNERGENZ BERHAD,0246.KL
161,COASTAL CONTRACTS BHD,5071.KL
162,COMFORT GLOVES BERHAD,2127.KL
163,COMINTEL CORPORATION BHD,7195.KL
164,COMPLETE LOGISTIC SERVICES BERHAD,5136.KL
165,COMPUGATES HOLDINGS BERHAD,5037.KL
166,COMPUTER FORMS (MALAYSIA) BERHAD,8044.KL
167,CONCRETE ENGINEERING PRODUCTS BERHAD,8435.KL
168,CORAZA INTEGRATED TECHNOLOGY BERHAD,0240.KL
169,COUNTRY HEIGHTS HOLDINGS BHD,5738.KL
170,COUNTRY VIEW BERHAD,5049.KL
171,CRESCENDO CORPORATION BERHAD,6718.KL
172,CREST BUILDER HOLDINGS BERHAD,8591.KL
173,CRG INCORPORATED BERHAD,03016.KL
174,CSC STEEL HOLDINGS BERHAD,5094.KL
175,CSH ALLIANCE BERHAD,7165.KL
176,CTOS DIGITAL BERHAD,5301.KL
177,CUSCAPI BERHAD,0051.KL
178,CWG HOLDINGS BERHAD,9423.KL
179,CYL CORPORATION BERHAD,7157.KL
180,CYPARK RESOURCES BERHAD,5184.KL
181,D & O GREEN TECHNOLOGIES BERHAD,7204.KL
182,DAGANG NEXCHANGE BERHAD,4456.KL
183,DAMANSARA HOLDINGS BERHAD,3484.KL
184,DANCOMECH HOLDINGS BERHAD,5276.KL
185,DATAPREP HOLDINGS BHD,8338.KL
186,DATASONIC GROUP BERHAD,5216.KL
187,DAYANG ENTERPRISE HOLDINGS BERHAD,5141.KL
188,DELEUM BERHAD,5132.KL
189,DESTINI BERHAD,7212.KL
190,DFCITY GROUP BERHAD,5165.KL
191,DGB ASIA BERHAD,0152.KL
192,DIALOG GROUP BERHAD,7277.KL
193,DIGI.COM BERHAD,6947.KL
194,DIGISTAR CORPORATION BERHAD,0029.KL
195,DIVFEX BERHAD,0131.KL
196,DKLS INDUSTRIES BHD,7528.KL
197,DKSH HOLDINGS (MALAYSIA) BERHAD,5908.KL
198,D'NONCE TECHNOLOGY BHD,7114.KL
199,DOLOMITE CORPORATION BERHAD,5835.KL
200,DOLPHIN INTERNATIONAL BERHAD,5265.KL
201,DOMINANT ENTERPRISE BERHAD,7169.KL
202,DPI HOLDINGS BERHAD,0205.KL
203,DPS RESOURCES BERHAD,7198.KL
204,DRB-HICOM BERHAD,1619.KL
205,DUFU TECHNOLOGY CORP. BERHAD,7233.KL
206,DUOPHARMA BIOTECH BERHAD,7148.KL
207,DUTALAND BERHAD,3948.KL
208,DUTCH LADY MILK INDUSTRIES BERHAD,3026.KL
209,DYNACIATE GROUP BERHAD,5178.KL
210,DYNAFRONT HOLDINGS BERHAD,03046.KL
211,E.A.TECHNIQUE (M) BERHAD,5259.KL
212,EA HOLDINGS BERHAD,0154.KL
213,EASTERN & ORIENTAL BERHAD,3417.KL
214,EASTLAND EQUITY BHD,2097.KL
215,ECM LIBRA GROUP BERHAD,2143.KL
216,ECO WORLD DEVELOPMENT GROUP BERHAD,8206.KL
217,ECO WORLD INTERNATIONAL BERHAD,5283.KL
218,ECOBUILT HOLDINGS BERHAD,0059.KL
219,ECOFIRST CONSOLIDATED BHD,3557.KL
220,ECOMATE HOLDINGS BERHAD,0239.KL
221,ECONFRAME BERHAD,0227.KL
222,ECONPILE HOLDINGS BERHAD,5253.KL
223,EDARAN BERHAD,5036.KL
224,EDEN INC. BERHAD,7471.KL
225,EDUSPEC HOLDINGS BERHAD,0107.KL
226,EFFICIENT E-SOLUTIONS BERHAD,0064.KL
227,EG INDUSTRIES BERHAD,8907.KL
228,EITA RESOURCES BERHAD,5208.KL
229,EKOVEST BERHAD,8877.KL
230,EKSONS CORPORATION BERHAD,9016.KL
231,ELK-DESA RESOURCES BERHAD,5228.KL
232,ELSOFT RESEARCH BERHAD,0090.KL
233,EMICO HOLDINGS BERHAD,9091.KL
234,ENCORP BERHAD,6076.KL
235,ENEST GROUP BERHAD,03025.KL
236,ENG KAH CORPORATION BERHAD,7149.KL
237,ENGTEX GROUP BERHAD,5056.KL
238,ENRA GROUP BERHAD,8613.KL
239,EONMETALL GROUP BERHAD,7217.KL
240,EP MANUFACTURING BHD,7773.KL
241,EQUITIESTRACKER HOLDINGS BERHAD,03021.KL
242,ES CERAMICS TECHNOLOGY BHD,0100.KL
243,ESTHETICS INTERNATIONAL GROUP BERHAD,5081.KL
244,EUPE CORPORATION BERHAD,6815.KL
245,EURO HOLDINGS BERHAD,7208.KL
246,EUROSPAN HOLDINGS BERHAD,7094.KL
247,EVERGREEN FIBREBOARD BERHAD,5101.KL
248,EVERSAFE RUBBER BERHAD,0190.KL
249,EVERSENDAI CORPORATION BERHAD,5205.KL
250,EWEIN BERHAD,7249.KL
251,EXCEL FORCE MSC BERHAD,0065.KL
252,FACB INDUSTRIES INCORPORATED BERHAD,2984.KL
253,FAJARBARU BUILDER GROUP BHD,7047.KL
254,FAR EAST HOLDINGS BERHAD,5029.KL
255,FARLIM GROUP (MALAYSIA) BHD,6041.KL
256,FARM FRESH BERHAD,5306.KL
257,FAST ENERGY HOLDINGS BERHAD,0084.KL
258,FAVELLE FAVCO BERHAD,7229.KL
259,FCW HOLDINGS BERHAD,2755.KL
260,FEDERAL INTERNATIONAL HOLDINGS BERHAD,8605.KL
261,FGV HOLDINGS BERHAD,5222.KL
262,FIAMMA HOLDINGS BERHAD,6939.KL
263,FIBON BERHAD,0149.KL
264,FIBROMAT (M) BERHAD,03026.KL
265,FIMA CORPORATION BERHAD,3107.KL
266,FINTEC GLOBAL BERHAD,0150.KL
267,FITTERS DIVERSIFIED BERHAD,9318.KL
268,FLEXIDYNAMIC HOLDINGS BERHAD,0231.KL
269,FM GLOBAL LOGISTICS HOLDINGS BERHAD,7210.KL
270,FOCUS DYNAMICS GROUP BERHAD,0116.KL
271,FOCUS LUMBER BERHAD,5197.KL
272,FOCUS POINT HOLDINGS BERHAD,0157.KL
273,FORMOSA PROSONIC INDUSTRIES BERHAD,9172.KL
274,FOUNDPAC GROUP BERHAD,5277.KL
275,FRASER & NEAVE HOLDINGS BHD,3689.KL
276,FRONTKEN CORPORATION BERHAD,0128.KL
277,FSBM HOLDINGS BERHAD,9377.KL
278,FTSE BURSA MALAYSIA KLCI ETF,0820EA.KL
279,G CAPITAL BERHAD,7676.KL
280,G NEPTUNE BERHAD,0045.KL
281,G3 GLOBAL BERHAD,7184.KL
282,GABUNGAN AQRS BERHAD,5226.KL
283,GADANG HOLDINGS BHD,9261.KL
284,GAGASAN NADI CERGAS BERHAD,0206.KL
285,GAMUDA BERHAD,5398.KL
286,GAS MALAYSIA BERHAD,5209.KL
287,GDB HOLDINGS BERHAD,0198.KL
288,GDEX BERHAD,0078.KL
289,GENETEC TECHNOLOGY BERHAD,0104.KL
290,GENTING BERHAD,3182.KL
291,GENTING MALAYSIA BERHAD,4715.KL
292,GENTING PLANTATIONS BERHAD,2291.KL
293,GEORGE KENT (MALAYSIA) BERHAD,3204.KL
294,GE-SHEN CORPORATION BERHAD,7197.KL
295,GETS GLOBAL BERHAD,5079.KL
296,GFM SERVICES BERHAD,0039.KL
297,GHL SYSTEMS BERHAD,0021.KL
298,GIIB HOLDINGS BERHAD,7192.KL
299,GLOBAL ORIENTAL BERHAD,1147.KL
300,GLOBALTEC FORMATION BERHAD,5220.KL
301,GLOBETRONICS TECHNOLOGY BERHAD,7022.KL
302,GLOMAC BERHAD,5020.KL
303,GOLDEN LAND BERHAD,7382.KL
304,GOLDEN PHAROS BERHAD,5649.KL
305,GOPENG BERHAD,2135.KL
306,GPP RESOURCES BERHAD,03029.KL
307,GRAND CENTRAL ENTERPRISES BHD,5592.KL
308,GREATECH TECHNOLOGY BERHAD,0208.KL
309,GREEN OCEAN CORPORATION BERHAD,0074.KL
310,GREEN PACKET BERHAD,0082.KL
311,GREENYIELD BERHAD,0136.KL
312,GROMUTUAL BERHAD,9962.KL
313,GUAN CHONG BERHAD,5102.KL
314,GUH HOLDINGS BERHAD,3247.KL
315,GUOCOLAND (MALAYSIA) BERHAD,1503.KL
316,HAILY GROUP BERHAD,0237.KL
317,HANDAL ENERGY BERHAD,7253.KL
318,HAP SENG CONSOLIDATED BERHAD,3034.KL
319,HAP SENG PLANTATIONS HOLDINGS BERHAD,5138.KL
320,HARBOUR-LINK GROUP BERHAD,2062.KL
321,HARN LEN CORPORATION BHD,7501.KL
322,HARRISONS HOLDINGS (MALAYSIA) BERHAD,5008.KL
323,HARTALEGA HOLDINGS BERHAD,5168.KL
324,HB GLOBAL LIMITED,5187.KL
325,HCK CAPITAL GROUP BERHAD,7105.KL
326,HEINEKEN MALAYSIA BERHAD,3255.KL
327,HEITECH PADU BERHAD,5028.KL
328,HEKTAR REAL ESTATE INVESTMENT TRUST,5121.KL
329,HENG HUAT RESOURCES GROUP BERHAD,0175.KL
330,HENGYUAN REFINING COMPANY BERHAD,4324.KL
331,HEVEABOARD BERHAD,5095.KL
332,HEXTAR GLOBAL BERHAD,5151.KL
333,HEXTAR INDUSTRIES BERHAD,0161.KL
334,HEXZA CORPORATION BERHAD,3298.KL
335,HIAP HUAT HOLDINGS BERHAD,0160.KL
336,HIAP TECK VENTURE BERHAD,5072.KL
337,HIBISCUS PETROLEUM BERHAD,5199.KL
338,HIL INDUSTRIES BERHAD,8443.KL
339,HLT GLOBAL BERHAD,0188.KL
340,HO HUP CONSTRUCTION COMPANY BHD,5169.KL
341,HO WAH GENTING BERHAD,9601.KL
342,HOMERITZ CORPORATION BERHAD,5160.KL
343,HONG LEONG BANK BERHAD,5819.KL
344,HONG LEONG CAPITAL BERHAD,5274.KL
345,HONG LEONG FINANCIAL GROUP BERHAD,1082.KL
346,HONG LEONG INDUSTRIES BERHAD,3301.KL
347,HONG SENG CONSOLIDATED BERHAD,0041.KL
348,HPMT HOLDINGS BERHAD,5291.KL
349,HPP HOLDINGS BERHAD,0228.KL
350,HSS ENGINEERS BERHAD,0185.KL
351,HUA YANG BERHAD,5062.KL
352,HUBLINE BERHAD,7013.KL
353,HUME CEMENT INDUSTRIES BERHAD,5000.KL
354,HUP SENG INDUSTRIES BERHAD,5024.KL
355,HWA TAI INDUSTRIES BERHAD,8478.KL
356,I-BERHAD,4251.KL
357,IBRACO BERHAD,5084.KL
358,ICAPITAL.BIZ BERHAD,5108.KL
359,ICON OFFSHORE BERHAD,5255.KL
360,ICONIC WORLDWIDE BERHAD,9113.KL
361,ICT ZONE ASIA BERHAD,03038.KL
362,IDB TECHNOLOGIES BERHAD,03030.KL
363,IDEAL UNITED BINTANG INTERNATIONAL BERHAD,9687.KL
364,IDIMENSION CONSOLIDATED BHD,0174.KL
365,IFCA MSC BERHAD,0023.KL
366,IGB BERHAD,5606.KL
367,IGB COMMERCIAL REAL ESTATE INVESTMENT TRUST,5299.KL
368,IGB REAL ESTATE INVESTMENT TRUST,5227.KL
369,IHH HEALTHCARE BERHAD,5225.KL
370,IJM CORPORATION BERHAD,3336.KL
371,IMASPRO CORPORATION BERHAD,7222.KL
372,IMPIANA HOTELS BERHAD,7243.KL
373,INARI AMERTRON BERHAD,0166.KL
374,INCH KENNETH KAJANG RUBBER PUBLIC LTD CO,2607.KL
375,INDUSTRONICS BERHAD,9393.KL
376,INNATURE BERHAD,5295.KL
377,INNITY CORPORATION BERHAD,0147.KL
378,INNOPRISE PLANTATIONS BERHAD,6262.KL
379,INSAS BERHAD,3379.KL
380,INTA BINA GROUP BERHAD,0192.KL
381,INTEGRATED LOGISTICS BHD,5614.KL
382,IOI CORPORATION BERHAD,1961.KL
383,IOI PROPERTIES GROUP BERHAD,5249.KL
384,IQ GROUP HOLDINGS BERHAD,5107.KL
385,IQZAN HOLDING BERHAD,7183.KL
386,IREKA CORPORATION BERHAD,8834.KL
387,IRIS CORPORATION BERHAD,0010.KL
388,ISKANDAR WATERFRONT CITY BERHAD,1589.KL
389,IVORY PROPERTIES GROUP BERHAD,5175.KL
390,JADE MARVEL GROUP BERHAD,7043.KL
391,JADI IMAGING HOLDINGS BERHAD,7223.KL
392,JAG BERHAD,0024.KL
393,JAKS RESOURCES BERHAD,4723.KL
394,JASA KITA BERHAD,8648.KL
395,JAYA TIASA HOLDINGS BHD,4383.KL
396,JAYCORP BERHAD,7152.KL
397,JCBNEXT BERHAD,0058.KL
398,JCY INTERNATIONAL BERHAD,5161.KL
399,JENTAYU SUSTAINABLES BERHAD,5673.KL
400,JERASIA CAPITAL BERHAD,8931.KL
401,JF TECHNOLOGY BERHAD,0146.KL
402,JHM CONSOLIDATION BERHAD,0127.KL
403,JIANKUN INTERNATIONAL BERHAD,8923.KL
404,JISHAN BERHAD,03040.KL
405,JKG LAND BERHAD,6769.KL
406,JOE HOLDING BERHAD,7096.KL
407,JOHAN HOLDINGS BERHAD,3441.KL
408,K. SENG SENG CORPORATION BERHAD,5192.KL
409,KAMDAR GROUP (M) BERHAD,8672.KL
410,KANGER INTERNATIONAL BERHAD,0170.KL
411,KAREX BERHAD,5247.KL
412,KARYON INDUSTRIES BERHAD,0054.KL
413,KAWAN FOOD BERHAD,7216.KL
414,KECK SENG (MALAYSIA) BERHAD,3476.KL
415,KEIN HING INTERNATIONAL BERHAD,7199.KL
416,KEJURUTERAAN ASASTERA BERHAD,0193.KL
417,KELINGTON GROUP BERHAD,0151.KL
418,KEN HOLDINGS BERHAD,7323.KL
419,KENANGA INVESTMENT BANK BERHAD,6483.KL
420,KENANGA KLCI DAILY (-1X) INVERSE ETF,0835EA.KL
421,KENANGA KLCI DAILY 2X LEVERAGED ETF,0834EA.KL
422,KERJAYA PROSPEK GROUP BERHAD,7161.KL
423,KERJAYA PROSPEK PROPERTY BERHAD,7077.KL
424,KESM INDUSTRIES BERHAD,9334.KL
425,KEY ALLIANCE GROUP BERHAD,0036.KL
426,KEY ASIC BERHAD,0143.KL
427,KHEE SAN BERHAD,6203.KL
428,KHIND HOLDINGS BERHAD,7062.KL
429,KIA LIM BERHAD,6211.KL
430,KIM HIN INDUSTRY BERHAD,5371.KL
431,KIM HIN JOO (MALAYSIA) BERHAD,0210.KL
432,KIM LOONG RESOURCES BERHAD,5027.KL
433,KIM TECK CHEONG CONSOLIDATED BERHAD,0180.KL
434,KIMLUN CORPORATION BERHAD,5171.KL
435,KIP REAL ESTATE INVESTMENT TRUST,5280.KL
436,KKB ENGINEERING BERHAD,9466.KL
437,KLCC PROPERTY HOLDINGS BERHAD,5235SS.KL
438,KLUANG RUBBER COMPANY (MALAYA) BERHAD,2453.KL
439,KNM GROUP BERHAD,7164.KL
440,KNUSFORD BERHAD,5035.KL
441,KOBAY TECHNOLOGY BERHAD,6971.KL
442,KOMARKCORP BERHAD,7017.KL
443,K-ONE TECHNOLOGY BERHAD,0111.KL
444,KONSORTIUM TRANSNASIONAL BERHAD,4847.KL
445,KOSSAN RUBBER INDUSTRIES BERHAD,7153.KL
446,KOTRA INDUSTRIES BERHAD,0002.KL
447,KPJ HEALTHCARE BERHAD,5878.KL
448,KPOWER BERHAD,7130.KL
449,KPS CONSORTIUM BERHAD,9121.KL
450,KRETAM HOLDINGS BERHAD,1996.KL
451,KRONOLOGI ASIA BERHAD,0176.KL
452,KSL HOLDINGS BERHAD,5038.KL
453,KUALA LUMPUR KEPONG BERHAD,2445.KL
454,KUB MALAYSIA BERHAD,6874.KL
455,KUCHAI DEVELOPMENT BERHAD,2186.KL
456,KUMPULAN FIMA BERHAD,6491.KL
457,KUMPULAN H & L HIGH-TECH BERHAD,7033.KL
458,KUMPULAN JETSON BERHAD,9083.KL
459,KUMPULAN PERANGSANG SELANGOR BERHAD,5843.KL
460,KYM HOLDINGS BERHAD,8362.KL
461,LAGENDA PROPERTIES BERHAD,7179.KL
462,LAMBO GROUP BERHAD,0018.KL
463,LAND & GENERAL BERHAD,3174.KL
464,LANDMARKS BERHAD,1643.KL
465,LAY HONG BERHAD,9385.KL
466,LB ALUMINIUM BERHAD,9326.KL
467,LBI CAPITAL BERHAD,8494.KL
468,LBS BINA GROUP BERHAD,5789.KL
469,LEADER STEEL HOLDINGS BERHAD,9881.KL
470,LEBTECH BERHAD,9628.KL
471,LEE SWEE KIAT GROUP BERHAD,8079.KL
472,LEON FUAT BERHAD,5232.KL
473,LEONG HUP INTERNATIONAL BERHAD,6633.KL
474,LFE CORPORATION BERHAD,7170.KL
475,LGMS BERHAD,0249.KL
476,LIEN HOE CORPORATION BERHAD,3573.KL
477,LII HEN INDUSTRIES BHD.,7089.KL
478,LIM SEONG HAI CAPITAL BERHAD,03047.KL
479,LINGKARAN TRANS KOTA HOLDINGS BERHAD,6645.KL
480,LION INDUSTRIES CORPORATION BERHAD,4235.KL
481,LION POSIM BERHAD,8486.KL
482,LKL INTERNATIONAL BERHAD,0182.KL
483,LOTTE CHEMICAL TITAN HOLDING BERHAD,5284.KL
484,LOTUS KFM BERHAD,8303.KL
485,LPI CAPITAL BHD,8621.KL
486,LTKM BERHAD,7085.KL
487,LUSTER INDUSTRIES BHD.,5068.KL
488,LUXCHEM CORPORATION BERHAD,5143.KL
489,LYC HEALTHCARE BERHAD,0075.KL
490,LYSAGHT GALVANIZED STEEL BERHAD,9199.KL
491,M N C WIRELESS BERHAD,0103.KL
492,MAA GROUP BERHAD,1198.KL
493,MAG HOLDINGS BERHAD,0095.KL
494,MAGNA PRIMA BERHAD,7617.KL
495,MAGNI-TECH INDUSTRIES BERHAD,7087.KL
496,MAGNUM BERHAD,3859.KL
497,MAH SING GROUP BERHAD,8583.KL
498,MAJUPERAK HOLDINGS BERHAD,8141.KL
499,MALAKOFF CORPORATION BERHAD,5264.KL
500,MALAYAN BANKING BERHAD,1155.KL
501,MALAYAN CEMENT BERHAD,3794.KL
502,MALAYAN FLOUR MILLS BERHAD,3662.KL
503,MALAYAN UNITED INDUSTRIES BERHAD,3891.KL
504,MALAYSIA AIRPORTS HOLDINGS BERHAD,5014.KL
505,MALAYSIA BUILDING SOCIETY BERHAD,1171.KL
506,MALAYSIA MARINE AND HEAVY ENGINEERING HOLDINGS BERHAD,5186.KL
507,MALAYSIA SMELTING CORPORATION BERHAD,5916.KL
508,MALAYSIA STEEL WORKS (KL) BHD,5098.KL
509,MALAYSIAN BULK CARRIERS BERHAD,5077.KL
510,MALAYSIAN GENOMICS RESOURCE CENTRE BERHAD,0155.KL
511,MALAYSIAN PACIFIC INDUSTRIES BERHAD,3867.KL
512,MALAYSIAN RESOURCES CORPORATION BERHAD,1651.KL
513,MALPAC HOLDINGS BERHAD,4936.KL
514,MALTON BERHAD,6181.KL
515,MANAGEPAY SYSTEMS BERHAD,0156.KL
516,MANFORCE GROUP BERHAD,03015.KL
517,MANULIFE HOLDINGS BERHAD,1058.KL
518,MARCO HOLDINGS BERHAD,3514.KL
519,MARINE & GENERAL BERHAD,5078.KL
520,MASTER-PACK GROUP BERHAD,7029.KL
521,MATANG BERHAD,0189.KL
522,MATRIX CONCEPTS HOLDINGS BERHAD,5236.KL
523,MATRIX PARKING SOLUTION HOLDINGS BERHAD,03019.KL
524,MAXIM GLOBAL BERHAD,4022.KL
525,MAXIS BERHAD,6012.KL
526,MBM RESOURCES BHD,5983.KL
527,MCE HOLDINGS BERHAD,7004.KL
528,MCLEAN TECHNOLOGIES BERHAD,0167.KL
529,MCOM HOLDINGS BERHAD,03022.KL
530,MCT BERHAD,5182.KL
531,MEDIA CHINESE INTERNATIONAL LIMITED,5090.KL
532,MEDIA PRIMA BERHAD,4502.KL
533,MEGA FIRST CORPORATION BERHAD,3069.KL
534,MEGA SUN CITY HOLDINGS BERHAD,0081.KL
535,MELATI EHSAN HOLDINGS BERHAD,5129.KL
536,MELEWAR INDUSTRIAL GROUP BERHAD,3778.KL
537,MENANG CORPORATION (M) BERHAD,1694.KL
538,MENTIGA CORPORATION BERHAD,5223.KL
539,MERCURY INDUSTRIES BERHAD,8192.KL
540,MERIDIAN BERHAD,5040.KL
541,MESB BERHAD,7234.KL
542,MESINIAGA BERHAD,5011.KL
543,MESTRON HOLDINGS BERHAD,0207.KL
544,METRO HEALTHCARE BERHAD,03005.KL
545,METROD HOLDINGS BERHAD,6149.KL
546,METRONIC GLOBAL BERHAD,0043.KL
547,MGB BERHAD,7595.KL
548,MHC PLANTATIONS BHD,5026.KL
549,MI TECHNOVATION BERHAD,5286.KL
550,MICROLINK SOLUTIONS BERHAD,0126.KL
551,MIECO CHIPBOARD BERHAD,5001.KL
552,MIKRO MSC BERHAD,0112.KL
553,MILUX CORPORATION BERHAD,7935.KL
554,MINDA GLOBAL BERHAD,5166.KL
555,MINETECH RESOURCES BERHAD,7219.KL
556,MINHO (M) BERHAD,5576.KL
557,MISC BERHAD,3816.KL
558,MITRAJAYA HOLDINGS BERHAD,9571.KL
559,MK LAND HOLDINGS BERHAD,8893.KL
560,MKH BERHAD,6114.KL
561,MLABS SYSTEMS BERHAD,0085.KL
562,MMAG HOLDINGS BERHAD,0034.KL
563,MMIS BERHAD,03027.KL
564,MMS VENTURES BERHAD,0113.KL
565,MN HOLDINGS BERHAD,0245.KL
566,MNRB HOLDINGS BERHAD,6459.KL
567,MOBILIA HOLDINGS BERHAD,0229.KL
568,MPHB CAPITAL BERHAD,5237.KL
569,MQ TECHNOLOGY BERHAD,0070.KL
570,MR D.I.Y. GROUP (M) BERHAD,5296.KL
571,MSM MALAYSIA HOLDINGS BERHAD,5202.KL
572,MTAG GROUP BERHAD,0213.KL
573,MTOUCHE TECHNOLOGY BERHAD,0092.KL
574,MUAR BAN LEE GROUP BERHAD,5152.KL
575,MUDA HOLDINGS BERHAD,3883.KL
576,MUDAJAYA GROUP BERHAD,5085.KL
577,MUHIBBAH ENGINEERING (M) BHD,5703.KL
578,MUI PROPERTIES BERHAD,3913.KL
579,MULPHA INTERNATIONAL BERHAD,3905.KL
580,MULTI-USAGE HOLDINGS BERHAD,9539.KL
581,MY E.G. SERVICES BERHAD,0138.KL
582,MYCRON STEEL BERHAD,5087.KL
583,MYETF DOW JONES ISLAMIC MARKET MALAYSIA TITANS 25,0821EA.KL
584,MYETF DOW JONES U.S. TITANS 50,0827EA.KL
585,MYETF MSCI MALAYSIA ISLAMIC DIVIDEND,0824EA.KL
586,MYETF MSCI SEA ISLAMIC DIVIDEND,0825EA.KL
587,MYNEWS HOLDINGS BERHAD,5275.KL
588,MYTECH GROUP BERHAD,7692.KL
589,N2N CONNECT BERHAD,0108.KL
590,NAIM HOLDINGS BERHAD,5073.KL
591,NCT ALLIANCE BERHAD,0056.KL
592,NEGRI SEMBILAN OIL PALMS BERHAD,2038.KL
593,NESTCON BERHAD,0235.KL
594,NESTLE (MALAYSIA) BERHAD,4707.KL
595,NETX HOLDINGS BERHAD,0020.KL
596,NEW HOONG FATT HOLDINGS BERHAD,7060.KL
597,NEXGRAM HOLDINGS BERHAD,0096.KL
598,NEXTGREEN GLOBAL BERHAD,7241.KL
599,NI HSIN GROUP BERHAD,7215.KL
600,NICHE CAPITAL EMAS HOLDINGS BERHAD,7139.KL
601,NOTION VTEC BERHAD,0083.KL
602,NOVA MSC BERHAD,0026.KL
603,NOVA PHARMA SOLUTIONS BERHAD,03006.KL
604,NOVA WELLNESS GROUP BERHAD,0201.KL
605,NOVELPLUS TECHNOLOGY BERHAD,03045.KL
606,NPC RESOURCES BERHAD,5047.KL
607,NTPM HOLDINGS BERHAD,5066.KL
608,NWP HOLDINGS BERHAD,5025.KL
609,NYLEX (MALAYSIA) BERHAD,4944.KL
610,OCB BERHAD,5533.KL
611,OCEAN VANTAGE HOLDINGS BERHAD,0220.KL
612,OCEANCASH PACIFIC BERHAD,0049.KL
613,OCK GROUP BERHAD,0172.KL
614,OCR GROUP BERHAD,7071.KL
615,OKA CORPORATION BHD,7140.KL
616,OLYMPIA INDUSTRIES BERHAD,3018.KL
617,OM HOLDINGS LIMITED,5298.KL
618,OMESTI BERHAD,9008.KL
619,ONETECH SOLUTIONS HOLDINGS BERHAD,03041.KL
620,ONLY WORLD GROUP HOLDINGS BERHAD,5260.KL
621,OPCOM HOLDINGS BERHAD,0035.KL
622,OPENSYS (M) BERHAD,0040.KL
623,OPTIMAX HOLDINGS BERHAD,0222.KL
624,ORIENTAL FOOD INDUSTRIES HOLDINGS BERHAD,7107.KL
625,ORIENTAL HOLDINGS BERHAD,4006.KL
626,ORIENTAL INTEREST BERHAD,5827.KL
627,ORNAPAPER BERHAD,5065.KL
628,OSK HOLDINGS BERHAD,5053.KL
629,OSK VENTURES INTERNATIONAL BERHAD,0053.KL
630,OVERSEA ENTERPRISE BERHAD,0153.KL
631,P.A. RESOURCES BERHAD,7225.KL
632,P.I.E. INDUSTRIAL BERHAD,7095.KL
633,PACIFIC & ORIENT BERHAD,6009.KL
634,PADINI HOLDINGS BERHAD,7052.KL
635,PAN MALAYSIA CORPORATION BERHAD,4081.KL
636,PAN MALAYSIA HOLDINGS BERHAD,1287.KL
637,PANASONIC MANUFACTURING MALAYSIA BERHAD,3719.KL
638,PANSAR BERHAD,8419.KL
639,PANTECH GROUP HOLDINGS BERHAD,5125.KL
640,PAOS HOLDINGS BERHAD,5022.KL
641,PAPPAJACK BERHAD,0242.KL
642,PARAGON GLOBE BERHAD,3611.KL
643,PARAGON UNION BERHAD,9407.KL
644,PARAMOUNT CORPORATION BERHAD,1724.KL
645,PARKSON HOLDINGS BERHAD,5657.KL
646,PARKWOOD HOLDINGS BERHAD,2682.KL
647,PARLO BERHAD,0022.KL
648,PASDEC HOLDINGS BERHAD,6912.KL
649,PASUKHAS GROUP BERHAD,0177.KL
650,PAVILION REAL ESTATE INVESTMENT TRUST,5212.KL
651,PBA HOLDINGS BHD,5041.KL
652,PCCS GROUP BERHAD,6068.KL
653,PDZ HOLDINGS BHD,6254.KL
654,PECCA GROUP BERHAD,5271.KL
655,PEGASUS HEIGHTS BERHAD,4464.KL
656,PEKAT GROUP BERHAD,0233.KL
657,PELIKAN INTERNATIONAL CORPORATION BERHAD,5231.KL
658,PENSONIC HOLDINGS BERHAD,9997.KL
659,PENTAMASTER CORPORATION BERHAD,7160.KL
660,PERAK CORPORATION BERHAD,8346.KL
661,PERAK TRANSIT BERHAD,0186.KL
662,PERDANA PETROLEUM BERHAD,7108.KL
663,PERMAJU INDUSTRIES BERHAD,7080.KL
664,PERTAMA DIGITAL BERHAD,8532.KL
665,PERUSAHAAN SADUR TIMAH MALAYSIA (PERSTIMA) BHD,5436.KL
666,PESONA METRO HOLDINGS BERHAD,8311.KL
667,PESTECH INTERNATIONAL BERHAD,5219.KL
668,PETERLABS HOLDINGS BERHAD,0171.KL
669,PETRA ENERGY BERHAD,5133.KL
670,PETRON MALAYSIA REFINING & MARKETING BHD,3042.KL
671,PETRONAS CHEMICALS GROUP BERHAD,5183.KL
672,PETRONAS DAGANGAN BHD,5681.KL
673,PETRONAS GAS BERHAD,6033.KL
674,PGF CAPITAL BERHAD,8117.KL
675,PHARMANIAGA BERHAD,7081.KL
676,PIMPINAN EHSAN BERHAD,5622.KL
677,PINEAPPLE RESOURCES BERHAD,0006.KL
678,PINEHILL PACIFIC BERHAD,1902.KL
679,PINTARAS JAYA BHD,9598.KL
680,PJBUMI BERHAD,7163.KL
681,PLB ENGINEERING BERHAD,7055.KL
682,PLENITUDE BERHAD,5075.KL
683,PLS PLANTATIONS BERHAD,9695.KL
684,PMB TECHNOLOGY BERHAD,7172.KL
685,PNE PCB BERHAD,6637.KL
686,POH HUAT RESOURCES HOLDINGS BERHAD,7088.KL
687,POH KONG HOLDINGS BERHAD,5080.KL
688,POLYDAMIC GROUP BERHAD,03031.KL
689,POS MALAYSIA BERHAD,4634.KL
690,POWER ROOT BERHAD,7237.KL
691,POWERWELL HOLDINGS BERHAD,0217.KL
692,PPB GROUP BERHAD,4065.KL
693,PRESS METAL ALUMINIUM HOLDINGS BERHAD,8869.KL
694,PRESTAR RESOURCES BERHAD,9873.KL
695,PRG HOLDINGS BERHAD,7168.KL
696,PRICEWORTH INTERNATIONAL BERHAD,7123.KL
697,PRINCIPAL FTSE ASEAN 40 MALAYSIA ETF,0822EA.KL
698,PRINCIPAL FTSE CHINA 50 ETF,0823EA.KL
699,PRIVASIA TECHNOLOGY BERHAD,0123.KL
700,PROGRESSIVE IMPACT CORPORATION BERHAD,7201.KL
701,PROLEXUS BERHAD,8966.KL
702,PROPEL GLOBAL BERHAD,0091.KL
703,PROTASCO BERHAD,5070.KL
704,PTT SYNERGY GROUP BERHAD,7010.KL
705,PUBLIC BANK BERHAD,1295.KL
706,PUBLIC PACKAGES HOLDINGS BHD,8273.KL
707,PUC BERHAD,0007.KL
708,PUNCAK NIAGA HOLDINGS BERHAD,6807.KL
709,PWF CORPORATION BERHAD,7134.KL
710,QES GROUP BERHAD,0196.KL
711,QL RESOURCES BERHAD,7084.KL
712,QUALITY CONCRETE HOLDINGS BERHAD,7544.KL
713,RADIANT GLOBALTECH BERHAD,0202.KL
714,RALCO CORPORATION BERHAD,7498.KL
715,RAMSSOL GROUP BERHAD,0236.KL
716,RANHILL UTILITIES BERHAD,5272.KL
717,RAPID SYNERGY BERHAD,7765.KL
718,RAY GO SOLAR HOLDINGS BERHAD,03052.KL
719,RCE CAPITAL BERHAD,9296.KL
720,REACH ENERGY BERHAD,5256.KL
721,RED IDEAS HOLDINGS BERHAD,03002.KL
722,RED SENA BERHAD,5270.KL
723,REDPLANET BERHAD,03036.KL
724,REDTONE DIGITAL BERHAD,0032.KL
725,RESERVOIR LINK ENERGY BHD,0219.KL
726,RESINTECH BERHAD,7232.KL
727,REVENUE GROUP BERHAD,0200.KL
728,REX INDUSTRY BERHAD,9946.KL
729,REXIT BERHAD,0106.KL
730,RGB INTERNATIONAL BHD,0037.KL
731,RGT BERHAD,9954.KL
732,RHB BANK BERHAD,1066.KL
733,RHONE MA HOLDINGS BERHAD,5278.KL
734,RHONG KHEN INTERNATIONAL BERHAD,7006.KL
735,RIMBUNAN SAWIT BERHAD,5113.KL
736,RIVERVIEW RUBBER ESTATES BERHAD,2542.KL
737,ROHAS TECNIC BERHAD,9741.KL
738,RTS TECHNOLOGY HOLDINGS BERHAD,03039.KL
739,RUBBEREX CORPORATION (M) BERHAD,7803.KL
740,S & F CAPITAL BERHAD,8745.KL
741,S P SETIA BERHAD,8664.KL
742,SALCON BERHAD,8567.KL
743,SALUTICA BERHAD,0183.KL
744,SAM ENGINEERING & EQUIPMENT (M) BERHAD,9822.KL
745,SAMAIDEN GROUP BERHAD,0223.KL
746,SAMCHEM HOLDINGS BERHAD,5147.KL
747,SAND NISKO CAPITAL BERHAD,7943.KL
748,SANICHI TECHNOLOGY BERHAD,0133.KL
749,SAPURA ENERGY BERHAD,5218.KL
750,SAPURA INDUSTRIAL BERHAD,7811.KL
751,SAPURA RESOURCES BERHAD,4596.KL
752,SARAWAK CABLE BERHAD,5170.KL
753,SARAWAK CONSOLIDATED INDUSTRIES BERHAD,9237.KL
754,SARAWAK OIL PALMS BERHAD,5126.KL
755,SARAWAK PLANTATION BERHAD,5135.KL
756,SASBADI HOLDINGS BERHAD,5252.KL
757,SAUDEE GROUP BERHAD,5157.KL
758,SBC CORPORATION BERHAD,5207.KL
759,SC ESTATE BUILDER BERHAD,0109.KL
760,SCANWOLF CORPORATION BERHAD,7239.KL
761,SCC HOLDINGS BERHAD,0158.KL
762,SCGM BHD,7247.KL
763,SCICOM (MSC) BERHAD,0099.KL
764,SCIENTEX BERHAD,4731.KL
765,SCIENTEX PACKAGING (AYER KEROH) BERHAD,8125.KL
766,SCOMI ENERGY SERVICES BHD,7045.KL
767,SCOMI GROUP BERHAD,7158.KL
768,SCOPE INDUSTRIES BERHAD,0028.KL
769,SDS GROUP BERHAD,0212.KL
770,SEACERA GROUP BERHAD,7073.KL
771,SEAL INCORPORATED BERHAD,4286.KL
772,SEALINK INTERNATIONAL BERHAD,5145.KL
773,SECUREMETRIC BERHAD,0203.KL
774,SEDANIA INNOVATOR BERHAD,0178.KL
775,SEE HUP CONSOLIDATED BERHAD,7053.KL
776,SEG INTERNATIONAL BHD,9792.KL
777,SELANGOR DREDGING BERHAD,2224.KL
778,SENHENG NEW RETAIL BERHAD,5305.KL
779,SENI JAYA CORPORATION BERHAD,9431.KL
780,SENTORIA GROUP BERHAD,5213.KL
781,SENTRAL REIT,5123.KL
782,SERBA DINAMIK HOLDINGS BERHAD,5279.KL
783,SEREMBAN ENGINEERING BERHAD,5163.KL
784,SERN KOU RESOURCES BERHAD,7180.KL
785,SERSOL BERHAD,0055.KL
786,SFP TECH HOLDINGS BERHAD,0251.KL
787,SHANGRI-LA HOTELS (MALAYSIA) BERHAD,5517.KL
788,SHH RESOURCES HOLDINGS BERHAD,7412.KL
789,SHIN YANG SHIPPING CORPORATION BERHAD,5173.KL
790,SHL CONSOLIDATED BHD,6017.KL
791,SIAB HOLDINGS BERHAD,0241.KL
792,SIGNATURE INTERNATIONAL BERHAD,7246.KL
793,SILVER RIDGE HOLDINGS BHD,0129.KL
794,SIME DARBY BERHAD,4197.KL
795,SIME DARBY PLANTATION BERHAD,5285.KL
796,SIME DARBY PROPERTY BERHAD,5288.KL
797,SIN HENG CHAN (MALAYA) BERHAD,4316.KL
798,SINARAN ADVANCE GROUP BERHAD,5172.KL
799,SINMAH CAPITAL BERHAD,9776.KL
800,SKB SHUTTERS CORPORATION BERHAD,7115.KL
801,SKP RESOURCES BHD,7155.KL
802,SL INNOVATION CAPITAL BERHAD,03008.KL
803,SLP RESOURCES BERHAD,7248.KL
804,SMILE-LINK HEALTHCARE GLOBAL BERHAD,03023.KL
805,SMIS CORPORATION BERHAD,7132.KL
806,SMRT HOLDINGS BERHAD,0117.KL
807,SMTRACK BERHAD,0169.KL
808,SNOWFIT GROUP BERHAD,03054.KL
809,SOLARVEST HOLDINGS BERHAD,0215.KL
810,SOLID AUTOMOTIVE BERHAD,5242.KL
811,SOLUTION GROUP BERHAD,0093.KL
812,SOUTH MALAYSIA INDUSTRIES BERHAD,4375.KL
813,SOUTHERN ACIDS (M) BERHAD,5134.KL
814,SOUTHERN CABLE GROUP BERHAD,0225.KL
815,SOUTHERN STEEL BERHAD,5665.KL
816,SPORTS TOTO BERHAD,1562.KL
817,SPRING ART HOLDINGS BERHAD,0216.KL
818,SPRITZER BHD,7103.KL
819,STAR MEDIA GROUP BERHAD,6084.KL
820,STEEL HAWK BERHAD,03049.KL
821,STELLA HOLDINGS BERHAD,5006.KL
822,STRAITS ENERGY RESOURCES BERHAD,0080.KL
823,SUBUR TIASA HOLDINGS BERHAD,6904.KL
824,SUCCESS TRANSFORMER CORPORATION BERHAD,7207.KL
825,SUNGEI BAGAN RUBBER COMPANY (MALAYA) BERHAD,2569.KL
826,SUNMOW HOLDING BERHAD,03050.KL
827,SUNSURIA BERHAD,3743.KL
828,SUNWAY BERHAD,5211.KL
829,SUNWAY CONSTRUCTION GROUP BERHAD,5263.KL
830,SUNWAY REAL ESTATE INVESTMENT TRUST,5176.KL
831,SUNZEN BIOTECH BERHAD,0148.KL
832,SUPERCOMNET TECHNOLOGIES BERHAD,0001.KL
833,SUPERGENICS BERHAD,03033.KL
834,SUPERLON HOLDINGS BERHAD,7235.KL
835,SUPERMAX CORPORATION BERHAD,7106.KL
836,SUPREME CONSOLIDATED RESOURCES BERHAD,03018.KL
837,SURIA CAPITAL HOLDINGS BERHAD,6521.KL
838,SWIFT HAULAGE BERHAD,5303.KL
839,SWS CAPITAL BERHAD,7186.KL
840,SYARIKAT TAKAFUL MALAYSIA KELUARGA BERHAD,6139.KL
841,SYCAL VENTURES BERHAD,9717.KL
842,SYF RESOURCES BERHAD,7082.KL
843,SYMPHONY LIFE BERHAD,1538.KL
844,SYSTECH BHD,0050.KL
845,T7 GLOBAL BERHAD,7228.KL
846,TA ANN HOLDINGS BERHAD,5012.KL
847,TA WIN HOLDINGS BERHAD,7097.KL
848,TAFI INDUSTRIES BERHAD,7211.KL
849,TALAM TRANSFORM BERHAD,2259.KL
850,TALIWORKS CORPORATION BERHAD,8524.KL
851,TAMBUN INDAH LAND BERHAD,5191.KL
852,TAN CHONG MOTOR HOLDINGS BERHAD,4405.KL
853,TANCO HOLDINGS BERHAD,2429.KL
854,TAS OFFSHORE BERHAD,5149.KL
855,TASCO BERHAD,5140.KL
856,TASHIN HOLDINGS BERHAD,0211.KL
857,TCS GROUP HOLDINGS BERHAD,0221.KL
858,TDM BERHAD,2054.KL
859,TECHBOND GROUP BERHAD,5289.KL
860,TECHNA-X BERHAD,2739.KL
861,TECHNODEX BHD,0132.KL
862,TECK GUAN PERDANA BERHAD,7439.KL
863,TEK SENG HOLDINGS BERHAD,7200.KL
864,TELADAN SETIA GROUP BERHAD,0230.KL
865,TELEKOM MALAYSIA BERHAD,4863.KL
866,TENAGA NASIONAL BHD,5347.KL
867,TEO GUAN LEE CORPORATION BERHAD,9369.KL
868,TEO SENG CAPITAL BERHAD,7252.KL
869,TEX CYCLE TECHNOLOGY (M) BERHAD,0089.KL
870,TEXCHEM RESOURCES BERHAD,8702.KL
871,TFP SOLUTIONS BERHAD,0145.KL
872,TH PLANTATIONS BERHAD,5112.KL
873,THETA EDGE BERHAD,9075.KL
874,THONG GUAN INDUSTRIES BERHAD,7034.KL
875,THREE-A RESOURCES BERHAD,0012.KL
876,THRIVEN GLOBAL BERHAD,7889.KL
877,TIEN WAH PRESS HOLDINGS BERHAD,7374.KL
878,TIMBERWELL BERHAD,7854.KL
879,TIME DOTCOM BERHAD,5031.KL
880,TIONG NAM LOGISTICS HOLDINGS BERHAD,8397.KL
881,TITIJAYA LAND BERHAD,5239.KL
882,TMC LIFE SCIENCES BERHAD,0101.KL
883,TOMEI CONSOLIDATED BERHAD,7230.KL
884,TOMYPAK HOLDINGS BERHAD,7285.KL
885,TONG HERR RESOURCES BERHAD,5010.KL
886,TOP BUILDERS CAPITAL BERHAD,5268.KL
887,TOP GLOVE CORPORATION BHD,7113.KL
888,TOPVISION EYE SPECIALIST BERHAD,03013.KL
889,TOWER REAL ESTATE INVESTMENT TRUST,5111.KL
890,TOYO VENTURES HOLDINGS BERHAD,7173.KL
891,TPC PLUS BERHAD,7176.KL
892,TRADEPLUS DWA MALAYSIA MOMENTUM TRACKER,0836EA.KL
893,TRADEPLUS HSCEI DAILY (-1X) INVERSE TRACKER,0833EA.KL
894,TRADEPLUS HSCEI DAILY (2X) LEVERAGED TRACKER,0832EA.KL
895,TRADEPLUS MSCI ASIA EX JAPAN REITS TRACKER,0837EA.KL
896,TRADEPLUS NYSE FANG+ DAILY (-1X) INVERSE TRACKER,0831EA.KL
897,TRADEPLUS NYSE FANG+ DAILY (2X) LEVERAGED TRACKER,0830EA.KL
898,TRADEPLUS S&P NEW CHINA TRACKER-MYR,0829EA.KL
899,TRADEPLUS S&P NEW CHINA TRACKER-USD,0829EB.KL
900,TRADEPLUS SHARIAH GOLD TRACKER,0828EA.KL
901,TRANSOCEAN HOLDINGS BHD,7218.KL
902,TRC SYNERGY BERHAD,5054.KL
903,TRI-MODE SYSTEM (M) BERHAD,0199.KL
904,TRIVE PROPERTY GROUP BERHAD,0118.KL
905,TROPICANA CORPORATION BERHAD,5401.KL
906,TSH RESOURCES BERHAD,9059.KL
907,TSR CAPITAL BERHAD,5042.KL
908,TUJU SETIA BERHAD,5297.KL
909,TUNE PROTECT GROUP BERHAD,5230.KL
910,TURBO-MECH BERHAD,5167.KL
911,TURIYA BERHAD,4359.KL
912,TWL HOLDINGS BERHAD,7079.KL
913,UCHI TECHNOLOGIES BERHAD,7100.KL
914,UCI RESOURCES BERHAD,03043.KL
915,UCREST BERHAD,0005.KL
916,UEM EDGENTA BERHAD,1368.KL
917,UEM SUNRISE BERHAD,5148.KL
918,UMS HOLDINGS BERHAD,7137.KL
919,UMS-NEIKEN GROUP BERHAD,7227.KL
920,UMW HOLDINGS BERHAD,4588.KL
921,UNI WALL APS HOLDINGS BERHAD,03017.KL
922,UNIMECH GROUP BERHAD,7091.KL
923,UNISEM (M) BERHAD,5005.KL
924,UNITED MALACCA BERHAD,2593.KL
925,UNITED PLANTATIONS BERHAD,2089.KL
926,UNITED U-LI CORPORATION BERHAD,7133.KL
927,UNITRADE INDUSTRIES BERHAD,0247.KL
928,UOA DEVELOPMENT BHD,5200.KL
929,UOA REAL ESTATE INVESTMENT TRUST,5110.KL
930,UPA CORPORATION BHD,7757.KL
931,UWC BERHAD,5292.KL
932,UZMA BERHAD,7250.KL
933,V.S. INDUSTRY BERHAD,6963.KL
934,VELESTO ENERGY BERHAD,5243.KL
935,VERSATILE CREATIVE BERHAD,4995.KL
936,VERTICE BERHAD,7240.KL
937,VINVEST CAPITAL HOLDINGS BERHAD,0069.KL
938,VISDYNAMICS HOLDINGS BERHAD,0120.KL
939,VITROX CORPORATION BERHAD,0097.KL
940,VIZIONE HOLDINGS BERHAD,7070.KL
941,VOLCANO BERHAD,0232.KL
942,VORTEX CONSOLIDATED BERHAD,0060.KL
943,VP-DJ SHARIAH CHINA A-SHARES 100 ETF - MYR,0838EA.KL
944,VSOLAR GROUP BERHAD,0066.KL
945,VSTECS BERHAD,5162.KL
946,WAH SEONG CORPORATION BERHAD,5142.KL
947,WAJA KONSORTIUM BERHAD,0102.KL
948,WANG-ZHENG BERHAD,7203.KL
949,WARISAN TC HOLDINGS BERHAD,5016.KL
950,WATTA HOLDING BERHAD,7226.KL
951,WCE HOLDINGS BERHAD,3565.KL
952,WCT HOLDINGS BERHAD,9679.KL
953,WEGMANS HOLDINGS BERHAD,0197.KL
954,WELLCALL HOLDINGS BERHAD,7231.KL
955,WESTPORTS HOLDINGS BERHAD,5246.KL
956,WHITE HORSE BERHAD,5009.KL
957,WIDAD GROUP BERHAD,0162.KL
958,WILLOWGLEN MSC BERHAD,0008.KL
959,WMG HOLDINGS BERHAD,6378.KL
960,WONG ENGINEERING CORPORATION BERHAD,7050.KL
961,WOODLANDOR HOLDINGS BHD,7025.KL
962,WTK HOLDINGS BERHAD,4243.KL
963,XIDELANG HOLDINGS LTD,5156.KL
964,XIN HWA HOLDINGS BERHAD,5267.KL
965,XL HOLDINGS BERHAD,7121.KL
966,XOX BHD,0165.KL
967,XOX NETWORKS BERHAD,0140.KL
968,XOX TECHNOLOGY BERHAD,0017.KL
969,Y&G CORPORATION BHD,7003.KL
970,Y.S.P.SOUTHEAST ASIA HOLDING BERHAD,7178.KL
971,YB VENTURES BERHAD,5048.KL
972,YBS INTERNATIONAL BERHAD,0025.KL
973,YENHER HOLDINGS BERHAD,5300.KL
974,YEW LEE PACIFIC GROUP BERHAD,0248.KL
975,YGL CONVERGENCE BERHAD,0086.KL
976,YINSON HOLDINGS BERHAD,7293.KL
977,YKGI HOLDINGS BERHAD,7020.KL
978,YLI HOLDINGS BERHAD,7014.KL
979,YNH PROPERTY BERHAD,3158.KL
980,YONG TAI BERHAD,7066.KL
981,YOONG ONN CORPORATION BERHAD,5159.KL
982,YTL CORPORATION BERHAD,4677.KL
983,YTL HOSPITALITY REIT,5109.KL
984,YTL POWER INTERNATIONAL BHD,6742.KL
985,YX PRECIOUS METALS BHD,0250.KL
986,ZECON BERHAD,7028.KL
987,ZELAN BERHAD,2283.KL
988,ZEN TECH INTERNATIONAL BERHAD,0094.KL
989,ZHULIAN CORPORATION BERHAD,5131.KL
